{
  "backend": "spectral-only",
  "orca_executable": null,
  "best_tuned_params": {
    "trust_radius": 0.05083879262805896,
    "lambda_damp": 0.06478063143000201,
    "sv_threshold": 0.01491128616608537,
    "alpha_quantum": 4.259170933103009,
    "spectral_delta": 0.0011466107697093377,
    "hess_recalc_every": 5
  },
  "best_objective_freq_rms": 1000000.0,
  "full_kwargs_for_molecular_optimizer": {
    "quantum_backend": "psi4",
    "spectral_only": true,
    "max_iter": 120,
    "conv_freq": 150.0,
    "conv_energy": 1e-08,
    "conv_step_range": 1e-06,
    "conv_step_null": 0.05,
    "conv_grad_null": 1e-05,
    "null_trust_radius": 0.025,
    "objective_mode": "split",
    "robust_loss": "none",
    "workdir": "bayes_tune_spec",
    "trust_radius": 0.05083879262805896,
    "lambda_damp": 0.06478063143000201,
    "sv_threshold": 0.01491128616608537,
    "alpha_quantum": 4.259170933103009,
    "spectral_delta": 0.0011466107697093377,
    "hess_recalc_every": 5
  }
}