{
  "backend": "orca",
  "orca_executable": "C:\\ORCA_6.1.1\\orca.exe",
  "best_tuned_params": {
    "trust_radius": 0.008658083508703404,
    "lambda_damp": 0.09090780810568556,
    "sv_threshold": 0.0005647574300417036,
    "alpha_quantum": 4.0344171471012755,
    "spectral_delta": 0.0007660826482436302,
    "hess_recalc_every": 8
  },
  "best_objective_freq_rms": 5.318382577743006e-06,
  "full_kwargs_for_molecular_optimizer": {
    "quantum_backend": "orca",
    "spectral_only": false,
    "orca_executable": "C:\\ORCA_6.1.1\\orca.exe",
    "method_preset": "balanced",
    "max_iter": 150,
    "conv_freq": 150.0,
    "conv_energy": 1e-08,
    "conv_step_range": 1e-06,
    "conv_step_null": 0.05,
    "conv_grad_null": 1e-05,
    "null_trust_radius": 0.025,
    "objective_mode": "split",
    "robust_loss": "none",
    "use_orca_rovib": false,
    "workdir": "bayes_tune_ocs_orca",
    "trust_radius": 0.008658083508703404,
    "lambda_damp": 0.09090780810568556,
    "sv_threshold": 0.0005647574300417036,
    "alpha_quantum": 4.0344171471012755,
    "spectral_delta": 0.0007660826482436302,
    "hess_recalc_every": 8
  }
}