{
  "backend": "spectral-only",
  "orca_executable": null,
  "best_tuned_params": {
    "trust_radius": 0.0057314430231269545,
    "lambda_damp": 0.00016370045068111915,
    "sv_threshold": 1.3980595102624797e-05,
    "alpha_quantum": 0.2778639378704326,
    "spectral_delta": 0.00034930106014707015,
    "hess_recalc_every": 2
  },
  "best_objective_freq_rms": 6.431098710768743e-13,
  "full_kwargs_for_molecular_optimizer": {
    "quantum_backend": "psi4",
    "spectral_only": true,
    "max_iter": 150,
    "conv_freq": 150.0,
    "conv_energy": 1e-08,
    "conv_step_range": 1e-06,
    "conv_step_null": 0.05,
    "conv_grad_null": 1e-05,
    "null_trust_radius": 0.025,
    "objective_mode": "split",
    "robust_loss": "none",
    "workdir": "bayes_tune_spec2",
    "trust_radius": 0.0057314430231269545,
    "lambda_damp": 0.00016370045068111915,
    "sv_threshold": 1.3980595102624797e-05,
    "alpha_quantum": 0.2778639378704326,
    "spectral_delta": 0.00034930106014707015,
    "hess_recalc_every": 2
  }
}